station_name,duration,num_trips,distance_from_city_center
"Borough Road, Elephant & Castle",1349.3180911870261,7523,0.12623965466425408
"Webber Street , Southwark",823.87905604719788,8136,0.16402063786209384
"Great Suffolk Street, The Borough",844.35548745451035,10442,0.19366718830977991
"LSBU (Borough Road), Elephant & Castle",1297.835314091682,7068,0.25790299799917293
"Harper Road, Borough",822.68674698795166,1660,0.30630610581879264
"Harper Road, The Borough",1083.9731285988482,4168,0.30630610581879264
"Borough High Street, The Borough",1222.1998381149392,11119,0.3868231447328
"Ontario Street, Elephant & Castle",1446.9409975182116,12491,0.39862956679267914
"Union Street, The Borough",994.57094512932065,12411,0.42310615811357527
"Swan Street, The Borough",1024.264872750852,12338,0.5020505016132234
"Gaywood  Street, Elephant & Castle",1297.8250362493964,6207,0.52646218385072574
"Dickens Square, Borough",1045.3162530024019,4996,0.55210420077240518
"Southwark Station 2, Southwark",1132.6948659322391,19244,0.55819561153950026
"Westminster Bridge Road, Elephant & Castle",1432.4762407602964,3788,0.57640392262487772
"Southwark Station 1, Southwark",888.40656121851237,10242,0.5807726658862048
"Geraldine Street, Elephant & Castle",950.9837678307922,4066,0.59827205721001753
"Bankside Mix, Bankside",1095.9214873718997,35714,0.64703496967458551
"Empire Square, The Borough",1370.9748196141959,13582,0.71602259484180319
"Colombo Street, Southwark",874.60895411480556,10766,0.723695849217535
"King Edward Walk, Waterloo",1194.2757242757245,4004,0.7282416367907073
"Baylis Road, Waterloo",1069.9977121940058,26226,0.75781965134843587
"Strata, Elephant & Castle",1528.6203787195666,6654,0.762224228490843
"Strata, Southwark",1007.2064777327937,2223,0.762224228490843
"Hop Exchange, The Borough",1388.6466149521268,47311,0.76745568761116945
"Poured Lines, Bankside",1302.7696576326593,20183,0.77524696395440751
"Great Dover Street, The Borough",1076.3894052044607,8608,0.78635570461358473
"Great Dover Street, Borough",1443.146639511202,3928,0.78635570461358473
"New Kent Road, Borough",1205.286225402504,2236,0.78922196965380009
"New Kent Road, The Borough",1951.1186176432384,7697,0.78922196965380009
"Park Street, Bankside",1385.3697120511913,11252,0.832368074463778
"Lambeth North Station, Waterloo",1076.8916886047377,10636,0.8382981864852832
"New Globe Walk, Bankside",1194.4309031556038,18380,0.85736484160996329
"Hampton Street, Walworth",1443.8743136058581,9834,0.87713173303647218
"Kennington Road  , Vauxhall",1346.3114311431129,11110,0.89156462775600731
"Milroy Walk, South Bank",1025.6012349691248,12308,0.91393775722786463
"Lower Marsh, Waterloo",1229.8068254990355,12424,0.9647811308125066
"Waterloo Station 3, Waterloo",879.79386029957129,80916,0.98269458020532641
"Thessaly Road North, Wandsworth Road",1134.6247544204321,2545,0.99405217173638527
"Thessaly Road North, Nine Elms",1595.6969130028067,1069,0.99405217173638527
"Long Lane , Bermondsey",930.10380622837386,10982,0.99750628680992426
"Stamford Street, South Bank",1061.6217508216332,16735,1.0143373502210637
"Waterloo Station 2, Waterloo",1164.3705223504112,29731,1.0264667624481179
"Walnut Tree Walk, Vauxhall",856.91330947708639,8663,1.0364798158584738
"Waterloo Road, South Bank",1269.4288304623767,13236,1.0496860349880108
"Waterloo Roundabout, Waterloo",1062.8724672228846,1678,1.0496860349880108
"Waterloo Station 1, Waterloo",1022.693101038168,58661,1.0590296176581768
"Cotton Garden Estate, Kennington",1439.8437726023426,6913,1.1170336205776936
"Waterloo Bridge, South Bank",1393.9280189749397,9697,1.1171407393723991
"Sail Street, Vauxhall",1293.2486444616577,6455,1.1204776701270356
"Bricklayers Arms, Borough",1415.6703599291932,15253,1.1251182602999021
"Duke Street Hill, London Bridge",1345.5904789367441,38147,1.1263437286311053
"Snowsfields, London Bridge",1331.0054844606941,11487,1.157942276292877
"Rodney Road , Walworth",1398.4857609911394,11623,1.1639730227339615
"Tyers Gate, Bermondsey",1335.5608591885443,10056,1.1698950599541058
"Concert Hall Approach 2, South Bank",1379.7158224291554,12457,1.2074417876269583
"Belvedere Road, South Bank",1629.4781448638448,25486,1.2241085846570485
"Archbishop's Park, Waterloo",1817.3785425101205,11856,1.22677759611789
"Concert Hall Approach 1, South Bank",1605.8544839255508,12411,1.2322018351181989
"Jubilee Gardens, South Bank",2017.2575198913239,25765,1.2557187042321707
"Bermondsey Street, Bermondsey",1064.9347435641585,25055,1.2952689788767779
"Kennington Station, Kennington",2209.0227576974567,6723,1.298667735696762
"Lollard Street, Vauxhall",789.79112271540441,7660,1.3021025512079027
"Queen Street 2, Bank",968.33377176829617,19007,1.3398013642799791
"Queen Victoria Street, St. Paul's",1329.1340644950074,18327,1.3418229929384862
"Grant Road West, Clapham Junction",2028.3397092578425,1307,1.3440037215253196
"Lambeth Road, Vauxhall",1289.9959790912731,7461,1.3683117425322333
"Queen Street 1, Bank",1043.1677131346855,27553,1.3744500018277235
"Queen Street, Bank",908.26800847457616,11328,1.3744500018277235
"Godliman Street, St. Paul's",1129.8125628600189,21874,1.3894809610059411
"Tallis Street, Temple",1086.7123798166504,13417,1.4166786745896702
"Kennington Cross, Kennington",964.901218139011,19538,1.4625875338501981
"Tooley Street, Bermondsey",1624.4449228119829,32518,1.4631128228182739
"Lower Thames Street, Monument",1470.3837011884557,8835,1.466196922878082
"Doddington Grove, Kennington",1532.1560975609761,9225,1.4681405273793819
"Tanner Street, Bermondsey",1440.3270425506976,17062,1.4830282477680599
"Monument Street, Monument",1354.6840047285621,10997,1.4937157468866844
"Cleaver Street, Kennington",1231.1580148317166,5259,1.4967922765165333
"Black Prince Road, Vauxhall",1056.881478143308,8876,1.5497812013053769
"Sancroft Street, Vauxhall",846.70301901848632,7519,1.5714901668399714
"Cheapside, Bank",1053.9081183134044,33369,1.6284941454872863
"Bouverie Street, Temple",1011.7685635709748,18908,1.6318370686538357
"Fire Brigade Pier, Vauxhall",1256.1614927528155,18007,1.6383416524109025
"Somerset House, Strand",2188.7943109578687,9281,1.6460477109591241
"Great Tower Street, Monument",1153.3485478705782,27167,1.6569124611541286
"Embankment (Savoy), Strand",1747.6391103650881,11915,1.6985156274003885
"St. Bride Street, Holborn",994.12556962025235,19750,1.7149524729930938
"Newgate Street , St. Paul's",1118.4881602914395,32940,1.7163162472675553
"Whitehall Place, Strand",1815.3571561649981,26837,1.761661576723865
"Chancery Lane, Holborn",1035.152833428735,8735,1.7681028628106794
"King Edward Street, St Pauls",887.22932078009455,8922,1.7832578682577591
"Stonecutter Street, Holborn",903.44367837085031,21901,1.7954326116867556
"Curlew Street, Shad Thames",1276.3504916136485,20748,1.8044892731605406
"Northumberland Avenue, Strand",1993.3485267784458,18429,1.8048760573684122
"The Guildhall, Guildhall",862.78151173611843,9671,1.8140399372637364
"Bank of England Museum, Bank",953.310945038312,21142,1.8211566341588252
"Kennington Road Post Office, Oval",2096.259541984733,7074,1.84603345094448
"Vauxhall Street, Vauxhall",1315.778820044434,4051,1.8508222944856707
"Wellington Street , Strand",1206.1350049817345,24088,1.8860851317334297
"Carey Street, Holborn",896.09562880181079,7069,1.8880770552788153
"Albert Embankment, Vauxhall",1964.7207446808511,10528,1.9036443497861464
"Houghton Street, Strand",1217.6062668550148,7787,1.9078822932337314
"Southampton Street, Strand",1359.3780096308183,19936,1.917463075840443
"Wood Street, Guildhall",963.55345626305768,11009,1.9379748839235424
"Snow Hill, Farringdon",808.26437134952391,16265,1.943559253124004
"Breams Buildings, Holborn",969.80594299575455,6596,1.9506365737143831
"Tavistock Street, Covent Garden",1317.4253483742555,22605,1.9563434679567431
"Vauxhall Walk, Vauxhall",1676.0337826863745,6157,1.9590754797058083
"Smith Square, Westminster",1046.994283899651,12596,1.9650057516113162
"Kingsway Southbound, Strand",1393.5650569055688,13004,1.9732139328562202
"Millbank Tower, Pimlico",1355.4083024751503,10262,1.9933659951931069
"Millbank House, Pimlico",1118.5996314819695,3799,1.9933659951931069
"Museum of London, Barbican",894.5611904038883,19758,1.9964322433205839
"Tower Gardens , Tower",1653.8842327876569,25534,2.0005913783633744
"William IV Street, Strand",1303.8971004465702,31798,2.0102999906501267
"Craven Street, Strand",1425.5769230769231,39624,2.0138409279401905
"New Fetter Lane, Holborn",896.77338129496445,16680,2.0151999470609621
"Page Street, Westminster",1119.2263149428977,12434,2.0215526759136488
"West Smithfield Rotunda, Farringdon",894.48142448889746,22745,2.0265630286707572
"Crosswall, Tower",1088.3332840717633,33833,2.0419715846740916
"Kingsway, Covent Garden",805.90618336886985,938,2.050069026599354
"Storey's Gate, Westminster",1837.7735262465628,25089,2.0572493941415533
"St. Mary Axe, Aldgate",1222.173648237125,14777,2.0720891705375966
"Kennington Oval, Oval",1325.5939126952348,12485,2.0831341271372983
"Holborn Circus, Holborn",929.69376979936635,28410,2.0839720009686111
"Sardinia Street, Holborn",1219.3588820054754,13882,2.0947691237274269
"Fore Street, Guildhall",837.93948919449952,12725,2.0994841216366797
"Finsbury Circus, Liverpool Street",969.73316674847172,44822,2.1104683036614613
"St. Katharine's Way, Tower",1497.2926829268281,9840,2.1351119687561062
"St Katharines Way, Tower",1332.6933493830877,3323,2.1351119687561062
"Hatton Garden, Holborn",926.77837496048073,18978,2.165792380905962
"Wormwood Street, Liverpool Street",994.67238780006926,51738,2.1694822875306095
"Kennington Lane Rail Bridge, Vauxhall",1144.5931083593778,25277,2.1750328347653012
"Horseferry Road, Westminster",988.03998261625452,13806,2.1858404965678107
"Jewry Street, Aldgate",1295.2295701828853,12959,2.1913750040147666
"Vincent Street, Pimlico",888.89252145484249,9788,2.210183480022327
"Abbey Orchard Street, Westminster",1192.5532410101252,17186,2.2319292029255515
"Drury Lane, Covent Garden",1228.9672310393951,30181,2.2499877516023181
"Houndsditch, Aldgate",1044.6615581098335,4698,2.2529893808357913
"Moorfields, Moorgate",1001.7728365384605,29952,2.2701171544849523
"Ashmole Estate, Oval",1254.7529514648018,6861,2.281455010516741
"Wapping High Street, Wapping",1797.4362818590716,8004,2.2830926431046157
"St. Martin's Street, West End",1668.4860029816161,12074,2.2904485728122235
"Barbican Centre, Barbican",1028.2999919008671,12347,2.2937206763247953
"Pall Mall East, West End",1978.6432465172609,19812,2.293828062582528
"Newton Street, Covent Garden",1190.2242778601983,11459,2.3044481557915195
"Vauxhall Cross, Vauxhall",1122.7908408697322,25985,2.3069698499831963
"Waterloo Place, St. James's",2203.768131571851,18545,2.3196403065789251
"Aldersgate Street, Barbican",774.44780747083951,27092,2.3247937156982146
"Red Lion Street, Holborn",1001.0230677052123,26704,2.3292627815580795
"Regency Street, Westminster",1133.4027638694172,9986,2.3991445607532684
"Charles II Street, West End",1514.8258473085486,8527,2.4032858669159785
"Vauxhall Bridge , Pimlico",1455.8163980378422,8562,2.4094819295086891
"Braham Street, Aldgate",1146.1060838089945,21549,2.4205800259966659
"Bunhill Row, Moorgate",785.21868639229524,20143,2.4226777176046315
"Nesham Street, Wapping",879.77585764393859,23378,2.4237061931648558
"Panton Street, West End",1859.6637399589017,16059,2.4301275750814235
"Greycoat Street , Westminster",982.18142212540772,6427,2.4449742636880849
"Southampton Place, Holborn",1215.136708860759,15800,2.4518918748520813
"Vaughan Way, Wapping",1006.1393856029352,13086,2.4576371147096423
"Butler Place, Westminster",1176.284584980237,11891,2.4651305813811195
"Hatton Wall, Holborn",895.72659912293921,26452,2.4879546978687088
"High Holborn , Covent Garden",1107.6948460088004,12728,2.4914678631007563
"Rochester Row, Westminster",1126.4666431344865,8499,2.4993760701035526
"Leman Street, Aldgate",1072.7987972939129,23946,2.5167224473292591
"Bury Place, Holborn",1228.5502040816323,12250,2.526008393058512
"Rampayne Street, Pimlico",979.27865250823777,16386,2.5323608621877547
"Finsbury Square , Moorgate",888.56635071090125,15192,2.5341019880151112
"Red Lion Square, Holborn",825.2666107254563,13109,2.5341560047643048
"St. James's Square, St. James's",1429.3122860403187,26290,2.5345421203135197
"Berry Street, Clerkenwell",1066.9795793965243,26248,2.5411427924971632
"Brushfield Street, Liverpool Street",1283.5008272276036,42310,2.5461318568506228
"Bell Lane, Liverpool Street",1342.0593199903562,12441,2.5628201120279388
"Theobald's Road , Holborn",1091.3600737667134,13014,2.5649875359706384
"Theobalds Road , Holborn",787.98761609907115,5491,2.5649875359706384
"Moor Street, Soho",1351.6484477481411,27444,2.5701319916916985
"Roscoe Street, St. Luke's",939.06626283519211,13537,2.5763720315705223
"Hermitage Court, Wapping",853.210039630119,6813,2.5782364445530868
"Buckingham Gate, Westminster",1739.8526522593309,14252,2.5936516420030653
"Sun Street, Liverpool Street",858.6167367214357,28787,2.5950408762745236
"Christopher Street, Liverpool Street",880.64826113483764,13112,2.5953835846398725
"Pennington Street, Wapping",1173.9326275264689,5195,2.6049189789138114
"Frith Street, Soho",1400.610123623838,16259,2.6057534640794997
"Clerkenwell Green, Clerkenwell",899.56032171581751,22380,2.6068505663214339
"Vincent Square, Westminster",1430.4144041154611,6998,2.6424270801321579
"South Lambeth Road, Vauxhall",1643.9874657265955,7659,2.651442507475692
"Northington Street , Holborn",866.70751683552726,16483,2.66049769805861
"Earnshaw Street , Covent Garden",1190.5397727272723,14080,2.669501354461798
"Altab Ali Park, Whitechapel",1606.5250379362667,1977,2.6713705533317831
"Farringdon Lane, Clerkenwell",964.71337579617773,12246,2.6782385720929436
"Wardour Street, Soho",1324.886846639861,26115,2.6864816832495939
"Howick Place, Westminster",1135.0364813482679,19462,2.7054544081822782
"Caldwell Street, Stockwell",1929.6949379818989,11932,2.7159280240896173
"British Museum, Bloomsbury",1343.5120873726837,24447,2.7236292976032686
"Fashion Street, Whitechapel",1364.7743282024521,11499,2.7488473652496115
"Great Russell Street, Bloomsbury",1215.7142857142853,17430,2.7570874883229739
"Sadlers Sports Centre, Finsbury",1027.0185449358041,18226,2.7655221791336611
"Norton Folgate, Liverpool Street",1370.5449717889137,15065,2.765904197588914
"Fournier Street, Whitechapel",1258.8708448144471,17057,2.7868357056399118
"Appold Street, Liverpool Street",990.16189100858833,13157,2.7922207388239282
"St. George's Square, Pimlico",1217.4148606811152,15504,2.7928958101604868
"Tachbrook Street, Victoria",1045.53097993262,13654,2.7969757109600657
"Clifton Street, Shoreditch",868.69287236561684,8446,2.8329914818459234
"Soho Square , Soho",1417.8587915388748,31627,2.8332407517577445
"Queen Mother Sports Centre, Victoria",1281.3292169520078,17815,2.8567926914244954
"Ashley Place, Victoria",1097.3199720344915,25746,2.86650312951712
"LMU Commercial Road, Whitechapel",1147.4852960397325,15302,2.875034636476955
"Christian Street, Whitechapel",951.96874103814127,13948,2.8790696715286446
"Golden Square, Soho",1327.9895845948886,16514,2.8850494018802588
"Broadwick Street, Soho",1284.1600666944551,14394,2.894762215598512
"Finsbury Leisure Centre, St. Luke's",816.42661350610592,24078,2.9032027153562319
"Commercial Street, Shoreditch",1064.8310679611648,12875,2.9069619295482196
"Sackville Street, Mayfair",1471.4665907635385,14053,2.9115841423943696
"Percival Street, Finsbury",860.48780487804879,12341,2.9120967583278095
"Gloucester Street, Pimlico",1194.8793005132106,15783,2.9214219826361933
"Old Street Station, St. Luke's",1219.2797185361658,36097,2.9222120783583074
"Bath Street, St. Luke's",878.71355977534029,22434,2.9480374193870027
"Guilford Street , Bloomsbury",979.744449099287,19096,2.9485676801854526
"Leonard Circus , Shoreditch",1063.261305581837,26425,2.949683516640706
"Wren Street, Holborn",872.81562787099233,20681,2.9545921218050348
"Reardon Street, Wapping",997.45467285626717,11417,2.9623656348579575
"Cardinal Place, Victoria",1347.3937478047076,17082,2.9821460535199962
"Old Montague Street, Whitechapel",1110.7992895204259,16327,2.9830917340427878
"Guildhouse Street, Victoria",1044.4076341375585,8331,2.9853335661939924
"Wapping Lane, Wapping",1181.5676924223217,13421,2.9857441376826994
"Finsbury Library , Finsbury",1051.3403736799341,11079,2.9857582545497534
"Tysoe Street, Clerkenwell",1161.473876804228,19676,3.00934647648637
"Bayley Street , Bloomsbury",1220.5127681307465,19580,3.0319495563615977
"Green Park Station, Mayfair",2040.5711302112638,24898,3.055279775793537
"Green Park Station, West End",1921.064406779662,8850,3.055279775793537
"Walworth Road, Elephant & Castle",2077.7160751565757,9580,3.0577876931888808
"Walworth Road, Southwark",1369.0498261877171,3452,3.0577876931888808
"Margery Street, Clerkenwell",1149.3405994550412,11010,3.0803329321465669
"New Inn Yard, Shoreditch",1077.7084059993031,17202,3.0822667995178468
"Hartington Road, Stockwell",1315.8983123264254,9362,3.0849781602993067
"Brunswick Square, Bloomsbury",995.89324262445086,15287,3.0851241429228176
"Russell Square Station, Bloomsbury",1382.0815410510561,21388,3.0931214621809868
"Teversham Lane, Stockwell",1822.397515527952,4830,3.1027133241178015
"Baldwin Street, St. Luke's",1048.5373414748708,10645,3.1079460591013319
"Alfred Place, Bloomsbury",931.79373848987132,16290,3.1118840418463227
"Warwick Square, Pimlico",1109.9666851749028,10806,3.11377290992956
"Alderney Street, Pimlico",1048.7819693094616,12512,3.1174893599696083
"Claverton Street, Pimlico",1618.3454665784247,9066,3.1297555003980504
"Goswell Road (City Uni), Finsbury",932.044076021027,9892,3.1416193571958093
"Hardwick Street, Clerkenwell",939.85770065075883,11525,3.1459139017776914
"Belgrave Road, Victoria",1368.867323290845,20712,3.147189821860048
"Rathbone Street, Fitzrovia",1018.396097560975,10250,3.1551168587165161
"Bethnal Green Road, Shoreditch",1410.3921420476011,39705,3.1569958955717774
"Clifford Street, Mayfair",1184.7920168067228,9520,3.1615577495659504
"St. John Street, Finsbury",866.24300166977719,10181,3.1704110382931203
"Riverlight North, Nine Elms",1250.2788688138251,5092,3.1782969142113977
"Brick Lane Market, Shoreditch",1610.2751520260103,16609,3.1895308311864707
"Malet Street, Bloomsbury",941.54674322627,27865,3.2011214046737346
"Grafton Street, Mayfair",1278.6793320055149,6527,3.2089351103338912
"Shadwell Station, Shadwell",1203.35784138768,14009,3.2112371572380103
"Buxton Street 1, Shoreditch",1171.8237590630238,7172,3.2416631928312332
"Garnet Street, Shadwell",1373.2207407407409,10125,3.2421158221657653
"St. George Street, Mayfair",1609.843118835134,10645,3.2460124861589694
"Watney Street, Shadwell",1225.6259847291249,16502,3.2622207525524503
"Wells Street, Fitzrovia",1179.2605412208943,19068,3.2652945509198257
"Curzon Street, Mayfair",1555.070603337613,9348,3.2730732249662027
"Windsor Terrace, Hoxton",947.45075879883757,12388,3.2736351866221036
"Clarges Street, Mayfair",1424.0508474576275,3540,3.2748514106721172
"Clarges Street, West End",1065.21186440678,1416,3.2748514106721172
"New Road 1 , Whitechapel",1054.8079201218479,5909,3.2771415674548154
"Macclesfield Rd, St Lukes",1193.8157512351067,10323,3.2777492012529246
"Bruton Street, Mayfair",1307.8209459459465,7104,3.28165969847791
"Bedford Way, Bloomsbury",1054.6738376127691,11528,3.2841655639897924
"Ampton Street , Clerkenwell",982.825816097682,12039,3.2870916883728758
"Little Argyll Street, West End",1563.6214106495677,28696,3.289175446655185
"Charlotte Street, Fitzrovia",1093.159178986652,13934,3.2934453330715718
"Shoreditch High Street, Shoreditch",1520.531268886522,34747,3.3004856305435943
"East Road, Hoxton",1017.5815654718351,13670,3.3043282543419492
"River Street , Clerkenwell",833.17308853726274,8279,3.3154189161039915
"Philpot Street, Whitechapel",1015.8809106830112,11420,3.3273359859718319
"Scala Street, Fitzrovia",1094.7132534528491,10933,3.3353115389427042
"Tavistock Place, Bloomsbury",976.34969960638068,14481,3.3416678157614261
"Grosvenor Road, Pimlico",1820.0439017697888,7289,3.3451011917518749
"Eccleston Place, Victoria",1246.8416140953389,26789,3.3647222341085286
"City Road, Angel",1124.686344077905,13247,3.3741241768551871
"Great Percy Street, Clerkenwell",1201.8155287612326,13021,3.3890504877434107
"Elizabeth Bridge, Victoria",1499.4761385058055,20158,3.3945267118851707
"Royal London Hospital, Whitechapel",1094.0449601160255,13790,3.3994069761492742
"Chadwell Street, Angel",998.9223907225678,16815,3.4220689989601807
"Palissy Street, Shoreditch",1344.1896024464829,7848,3.4345506593393424
"Binfield Road, Stockwell",2179.1968727789663,16884,3.4414141594185907
"Sutton Street, Shadwell",1314.7259624502174,10546,3.441823671397199
"Wellington Arch, Hyde Park",2380.4553077117448,43531,3.4446086355846357
"Farm Street, Mayfair",1488.3498178032273,5763,3.4448528211950782
"Watney Market, Stepney",1280.2152317880793,10872,3.452557882772231
"Wenlock Road , Hoxton",970.81657103222,15859,3.4718597275520033
"Fanshaw Street, Hoxton",1535.2613649712214,8513,3.4805269254663358
"Murray Grove , Hoxton",1058.3893586306463,9698,3.5068718886059829
"Selby Street, Whitechapel",1107.3873138894546,4903,3.5146954326687734
"Foley Street, Fitzrovia",1036.3025780189967,17688,3.5212966282766707
"Taviton Street, Bloomsbury",985.809787626962,16245,3.5226805747058236
"Eaton Square, Belgravia",1270.1790330301576,10445,3.5447089452762044
"Granby Street, Shoreditch",1493.10292026687,18286,3.5459603430974305
"Ebury Bridge, Pimlico",1241.0712102689495,13088,3.5654291032415077
"Hoxton Street, Hoxton",1662.4847664184151,8862,3.5668019421350454
"Columbia Road, Shoreditch",1562.2004646531695,12052,3.5675312293777259
"Columbia Road, Weavers",1315.8344937338375,5027,3.5675312293777259
"Park Lane, Mayfair",1957.5718849840252,9703,3.568770985621128
"Howland Street, Fitzrovia",1069.8533995151795,17326,3.5693189442001865
"New North Road 1, Hoxton",2091.6154349247881,4587,3.5827806004323834
"Claremont Square, Angel",1141.3260032985161,9095,3.5874073279867575
"Stanhope Gate, Mayfair",1377.5101453069776,7639,3.5890300906732842
"Cheshire Street, Bethnal Green",977.65937901892323,10886,3.590525445304046
"New North Road 2, Hoxton",1002.2962014511311,7029,3.5952818834890263
"Torrens Street, Angel",1157.9724464236024,14372,3.60049316981545
"Belgrave Square, Belgravia",1499.8255179934567,8253,3.6220626411318548
"Woodstock Street, Mayfair",1445.0998363338801,9165,3.6300599482533968
"Graham Street, Angel",1137.1774193548392,20832,3.6318390617631677
"Great Titchfield Street, Fitzrovia",1028.6518701191951,14598,3.6402777803316488
"St. Chad's Street, King's Cross",1188.4961447392391,16471,3.643951458974604
"Endsleigh Gardens, Euston",1250.4271356783918,22288,3.65537085764749
"Broadcasting House, Marylebone",1136.074692093762,15102,3.6644273143673622
"St. Mary & St. Michael Church, Stepney",1850.0445163901247,2471,3.6705998782271769
"St. Mary and St. Michael Church, Stepney",1066.0243902439022,820,3.6705998782271769
"Calshot Street , King's Cross",1371.7381719518417,5897,3.6817626270517785
"Battersea Park Road, Nine Elms",1347.3717307417462,6997,3.682277473733754
"Chapel Place, Marylebone",1125.913776944705,14938,3.6837723651489349
"Grosvenor Crescent, Belgravia",1519.6034200472982,5497,3.685188487214472
"Jubilee Street, Stepney",977.27848101265863,11692,3.6954748604639183
"South Audley Street, Mayfair",1212.8961564396493,5932,3.6957600131362578
"Northdown Street, King's Cross",1320.0307587149707,11704,3.7045586867054605
"Belgrove Street , King's Cross",1076.0079535025991,91532,3.7090312473693432
"Marylebone Lane, Marylebone",1427.796730632552,16884,3.7118826459007033
"Hyde Park Corner, Hyde Park",3013.5654898683997,95740,3.7208114518572168
"Chelsea Bridge, Pimlico",1628.9752747252726,14560,3.74106937959389
"Millennium Hotel, Mayfair",1413.9682923877526,8263,3.7410852869962068
"Courland Grove, Wandsworth Road",1915.820450735705,5369,3.7428784864498552
"Grosvenor Square, Mayfair",1472.1917808219168,12702,3.7468039887207256
"Falkirk Street, Hoxton",1310.9968520461696,9530,3.74921837665479
"Clarence Walk, Stockwell",1838.9207258834754,6282,3.7529638006026076
"Pitfield Street Central, Hoxton",974.78647078920369,8781,3.7615910865725986
"Eagle Wharf Road, Hoxton",908.87320932221451,28062,3.7616890636543276
"Euston Road, Euston",1390.0601750547039,14624,3.7656648861694819
"Wellington Row, Bethnal Green",1223.4511755620404,11654,3.7725055122406581
"Eaton Square (South), Belgravia",1611.2900217594026,6434,3.782226125028799
"Warren Street Station, Euston",1021.4953043054023,24597,3.7824242739259408
"Risinghill Street, Angel",1081.88790560472,8136,3.7936006251170111
"Union Grove, Wandsworth Road",1485.25657894737,9120,3.8146302068799454
"Embankment (Horse Guards), Westminster",1673.1261425959776,6564,3.8198551256489357
"Hoxton Station, Hoxton",1054.8929159802308,9105,3.8383352784758777
"Hoxton Station, Haggerston",1115.9407665505221,3444,3.8383352784758777
"Knightsbridge, Hyde Park",2524.9648173207065,14780,3.8434700348738677
"Sidney Street, Stepney",870.78283945157045,2261,3.8629951574950558
"Liverpool Road (N1 Centre), Angel",1215.5260663507124,22155,3.8671198005465492
"Cloudesley Road, Angel",1666.8858704654626,12074,3.8767089788925371
"Hampstead Road, Euston",1187.8871076125552,20834,3.8814989181236816
"Portland Place, Marylebone",1132.2284927735727,14530,3.8853030388205165
"Shoreditch Park, Hoxton",1420.8665969278209,18163,3.90096526195243
"Albert Gardens, Stepney",1232.8185998091449,11527,3.9039459305166964
"Doric Way , Somers Town",1137.7836728564989,19979,3.906402561075403
"Aylward Street, Stepney",956.67999000749376,8006,3.9301596878023433
"Drummond Street , Euston",1123.7823018733832,19697,3.9315227574589624
"New Cavendish Street, Marylebone",989.0633206886489,10281,3.945816800265272
"Stewart's Road, Nine Elms",4836.3800904977388,663,3.9475063062993088
"Stewart's Road, Wandsworth Road",1786.5967016491757,2001,3.9475063062993088
"Finnis Street, Bethnal Green",966.15755423062285,7883,3.9582719055659914
"Killick Street, Kings Cross",1061.0845295055824,1881,3.9743811237019915
"Killick Street, King's Cross",1342.5393127548048,5151,3.9743811237019915
"North Audley Street, Mayfair",1290.9513531462721,12046,3.9807717177467974
"Durant Street, Bethnal Green",1199.8385150812057,10775,3.9817291643120152
"Bolsover Street, Fitzrovia",1130.1132467532484,19250,3.9935131882810966
"Cephas Street, Bethnal Green",1179.2344832412016,14291,4.0052332824645109
"Sedding Street, Sloane Square",1401.9402000659557,18194,4.0107083769357228
"Upper Grosvenor Street, Mayfair",1685.9161372299877,3935,4.0202128569252666
"Islington Green, Angel",1545.3730921424535,28304,4.0502583210408423
"Hinde Street, Marylebone",1161.6527742265389,19555,4.0509796148375132
"Albert Gate, Hyde Park",2527.7719506514177,66547,4.0595417431442913
"Cadogan Place, Knightsbridge",1416.2222782258061,7936,4.0661646649277081
"Cleveland Way, Bethnal Green",1224.5241304933952,3709,4.0880512369729951
"Cleveland Way, Stepney",1456.353982300885,3390,4.0880512369729951
"Carnegie Street, King's Cross",1218.7784090909086,8448,4.09987952645433
"Seville Street, Knightsbridge",1930.863245702727,15824,4.1055269212194263
"Harriet Street, Knightsbridge",1533.8833570412523,14060,4.1076711817160731
"Park Lane , Hyde Park",2534.0722774678625,16492,4.1177307720845668
"Crinan Street, King's Cross",1919.3886776207228,13937,4.1297437355319708
"Pitfield Street North,Hoxton",1205.5288707204897,11742,4.1376811305579642
"Pitfield Street (North),Hoxton",1004.6276183087664,5156,4.1376811305579642
"Charlotte Terrace, Angel",1292.9872222861759,8687,4.14125661822386
"Whiston Road, Haggerston",1211.7566520278988,7742,4.1672497040214855
"Longford Street, Regent's Park",1246.4913544668589,2776,4.1721056950457784
"Longford Street, The Regent's Park",1656.8562144597879,7386,4.1721056950457784
"Pott Street, Bethnal Green",1351.0786998452197,16798,4.1905276379818535
"Green Street, Mayfair",1798.7843704775678,10365,4.203125687217355
"Bethnal Green Garden, Bethnal Green",1551.6215601546514,8794,4.2091706058526217
"Bethnal Green Gardens, Bethnal Green",1130.105326512188,3323,4.2091706058526217
"George Street, Marylebone",1091.1115771812072,14304,4.230411089002196
"Cadogan Gardens, Chelsea",1220.4063692154589,12058,4.2318106017929544
"Cadogan Gardens, Sloane Square",1216.9487939060516,4726,4.2318106017929544
"Queen's Circus, Battersea Park",1866.7423628007566,22194,4.23837405998778
"Portman Square, Marylebone",1154.1967484155414,10887,4.2442350356614034
"Pont Street, Knightsbridge",1348.1557031907928,10687,4.2508306427809686
"Goldsmith's Row, Haggerston",1782.8410159924742,9567,4.2517527890661375
"Goldsmiths Row, Haggerston",1456.4831460674159,3560,4.2517527890661375
"Clarkson Street, Bethnal Green",1396.6524973432513,5646,4.2652600692658913
"Hollybush Gardens, Bethnal Green",1345.487364620938,7479,4.2688234054421592
"Queensbridge Road, Haggerston",1262.8833484045986,7741,4.3011044912274849
"Pancras Road, King's Cross",1232.5567567567557,11100,4.304879621088892
"Beaumont Street, Marylebone",1144.1729323308268,14364,4.3152607251725739
"Thurtle Road, Haggerston",1599.1645440652067,5889,4.3288232448904571
"Old Quebec Street, Marylebone",1250.2783435166332,17676,4.3460575125955563
"Hertford Road, De Beauvoir Town",1309.4742035522966,14188,4.387822943030975
"Dunston Road , Haggerston",1705.9689555832658,23257,4.39697133371921
"Albany Street, The Regent's Park",1156.0613454165205,8607,4.4013465589364289
"Albany Street, Regent's Park",847.82850092535443,3242,4.4013465589364289
"Rectory Square, Stepney",1523.7150127226478,8253,4.41942767249597
"Baker Street, Marylebone",1092.151459678196,10379,4.4195430253638932
"Stepney Green Station, Stepney",1475.7673667205163,13618,4.4209708480650809
"Paddington Street, Marylebone",1051.4438502673802,10846,4.4237449316734319
"York Hall, Bethnal Green",1385.1382405745067,16710,4.4348308078106573
"George Place Mews, Marylebone",1124.0914357947959,9493,4.4474929138647417
"Pritchard's Road, Bethnal Green",1287.6679712981088,18396,4.4564464142943105
"Flamborough Street, Limehouse",1728.076356566311,16973,4.4587292389312942
"Royal Avenue 2, Chelsea",1474.1152019002363,10104,4.4595658103348965
"Eversholt Street , Camden Town",1361.483490566038,8480,4.4666282922653986
"Wandsworth Rd, Isley Court, Wandsworth Road",1523.3920040231328,7954,4.4795454462775
"Ormonde Gate, Chelsea",1310.9046126287503,8932,4.4805347905093953
"Royal Avenue 1, Chelsea",1671.7151541467647,9212,4.484465210494851
"Alfreda Street, Battersea Park",1488.2653817642704,8094,4.4856396465284023
"Silverthorne Road, Battersea",1819.2188651437,8142,4.49187227963921
"Montpelier Street, Knightsbridge",1581.3454846727423,18105,4.5337361675331653
"Westminster University, Marylebone",1558.1950672645737,10704,4.5483648068551759
"Crawford Street, Marylebone",1113.9713661048017,14179,4.5537218740584429
"Denyer Street, Knightsbridge",1123.777378815081,5570,4.5627946644798181
"Harrington Square, Camden Town",1111.4160263446761,911,4.5637996762053126
"Harrington Square 1, Camden Town",2018.9926030292356,2839,4.5637996762053126
"Belford House, Haggerston",1456.0985515094092,7387,4.5667007937934949
"Aston Street, Stepney",1248.3055198973045,4674,4.595635325657252
"The Tennis Courts, The Regent's Park",2015.9192825112118,10258,4.6523599229982091
"The Tennis Courts, Regent's Park",1840.8537693006356,3303,4.6523599229982091
"Bancroft Road, Bethnal Green",1366.8216039279869,9165,4.66109972910329
"Royal College Street, Camden Town",1081.6839916839924,12506,4.6667995563707017
"Chelsea Green, Chelsea",1207.0171454524807,8807,4.7182146952722031
"Haggerston Road, Haggerston",1976.6410734252706,13415,4.7212458184735731
"Regent's Row , Haggerston",1770.8603351955328,40275,4.7386783367909793
"Heath Road, Battersea",1488.766151507474,3947,4.7459925022828866
"Sloane Avenue, Knightsbridge",1418.9379735456521,15574,4.7607817488070356
"Queen Mary's, Mile End",1263.9335664335667,3432,4.7666917947689136
"Queen Marys, Mile End",1079.3526732198518,4171,4.7666917947689136
"Austin Road, Battersea Park",1633.1672508763147,7988,4.7807059422385487
"Austin Road, Battersea",1211.4007537688435,3184,4.7807059422385487
"Holy Trinity Brompton, Knightsbridge",1691.5317158725509,13684,4.7818519616247839
"Porchester Place, Paddington",1297.2603150787697,13330,4.7988040973559283
"Shoreditch Court, Haggerston",1662.0865195542924,9154,4.80640635319978
"Flood Street, Chelsea",1146.0169920097112,19774,4.8176945230934392
"Nutford Place, Marylebone",1745.5652330070945,11137,4.820215852853071
"Ada Street, Hackney Central",1701.1252350507705,13295,4.8292973066200844
"Harford Street, Mile End",1165.3706453455175,8755,4.8390362236764428
"Shouldham Street, Marylebone",1028.0102695763799,10127,4.8399770519072156
"Salmon Lane, Limehouse",1301.5537720706266,9345,4.84123341227238
"Harrowby Street, Marylebone",1498.9017924766472,7922,4.8453388962564086
"Globe Town Market, Bethnal Green",1740.5779334500876,10278,4.8454862114962465
"Stanley Grove, Battersea",1846.7636214666109,4882,4.8793258853605979
"Park Road (Baker Street), The Regent's Park",1592.3453376650311,14467,4.90733074553091
"Park Road (Baker Street), Regent's Park",1455.9162895927607,5304,4.90733074553091
"Triangle Car Park, Hyde Park",2388.6478704259184,41675,4.917063838639506
"Dorset Square, Marylebone",1305.8233890214774,15922,4.9193365426272546
"Prince of Wales Drive, Battersea Park",1659.2819499341244,9108,4.9413840726782245
"Seymour Place, Marylebone",1124.992349280833,9803,4.9522084040030858
"Mile End Stadium, Mile End",1315.4083380925179,8755,4.9544214101587283
"Boston Place, Marylebone",1089.5465155051675,17994,4.9852130501874612
"Phene Street, Chelsea",1497.7838941667396,11263,4.9898393791640174
"Old Ford Road, Bethnal Green",1850.3952973249272,11738,4.9918500596391
"St. Luke's Church, Chelsea",1277.3542997543,10175,4.9921680655619287
"St Martins Close, Camden Town",1312.5232590921908,3547,5.0710115472959734
"St Martin's Close, Camden Town",1363.077966101695,1475,5.0710115472959734
"Victoria and Albert Museum, Cromwell Road",1326.4106844741234,599,5.0744933081201085
"Oval Way, Vauxhall",1158.0863477246203,2571,5.0804471970958991
"Oval Way, Lambeth",1002.2068965517243,870,5.0804471970958991
"Serpentine Car Park, Hyde Park",2013.9509244968021,31747,5.08764019423034
"South Quay West, Canary Wharf",1898.9781021897809,685,5.0958423366438756
"Southwick Street, Paddington",1216.6569167240204,11624,5.1104109975739167
"Thornfield House, Poplar",1345.5966209081314,947,5.1209314955045873
"Exhibition Road Museums, Knightsbridge",1799.0744530143243,6353,5.1235407555101586
"Exhibition Road Museums, South Kensington",2045.2181551976546,17075,5.1235407555101586
"Manresa Road, Chelsea",1253.748183605438,11699,5.1257884996332121
"Culvert Road, Battersea",1600.3238199780465,3644,5.1357081085551561
"Ashley Crescent, Battersea",1516.2863705972429,7836,5.1384334064284856
"Victoria Park Road, Hackney Central",2054.9448459490304,15774,5.1442973888225616
"Ethelburga Estate, Battersea Park",1544.0878763222133,18435,5.1474988588187935
"South Kensington Station, South Kensington",1423.1942626216651,35138,5.1520055541880145
"Exhibition Road, Knightsbridge",1463.8682305964542,32056,5.1606837014456515
"Bell Street , Marylebone",1028.7567822599658,12717,5.1732355471105977
"Sumner Place, South Kensington",1271.5289620699796,6802,5.1958675589484393
"Mile End Park Leisure Centre, Mile End",2382.8938356164376,8176,5.1984452445717331
"Twig Folly Bridge, Mile End",1363.1346282652394,13437,5.2027220390147653
"Greenland Road, Camden Town",2119.1339786041776,17667,5.2189731682511979
"Burdett Road, Mile End",1680.6830487296947,7203,5.2244459569570765
"Westferry DLR, Limehouse",1461.8789118921518,16616,5.2254905070620081
"Albert Bridge Road, Battersea Park",1556.7522016398425,13172,5.2294074062804325
"Rossmore Road, Marylebone",1226.1825613079027,7340,5.2330663050627653
"Parkway, Camden Town",2159.8366845201508,11389,5.2413096282155154
"Gloucester Avenue, Camden Town",1508.6370890520275,12532,5.2813600470231448
"Clinton Road, Mile End",1597.068500790037,10759,5.2843877844847791
"Prince Consort Road, Knightsbridge",1173.7282398452612,12408,5.2896139666943318
"Broadley Terrace, Marylebone",1279.7080291970797,4932,5.3019511872035494
"Canton Street, Poplar",1080.3743760399332,4808,5.3124411909410343
"Edgware Road Station, Paddington",1284.0185232827373,3887,5.3147566986809371
"Edgware Road Station, Marylebone",1880.1807617817954,10843,5.3147566986809371
"Bayswater Road, Hyde Park",2153.7085759895936,33827,5.3182842678476385
"Holden Street, Battersea",1374.3987635239564,3235,5.3199217803318435
"Winsland Street, Paddington",1413.2759761747179,24176,5.3235981529572767
"Antill Road, Mile End",1784.6343247196492,8204,5.3452680018285958
"South Parade, Chelsea",1065.5371768106631,6227,5.3499602999744074
"Bonny Street, Camden Town",1726.867950324711,17554,5.3503972615283653
"Alpha Grove, Millwall",1501.5409836065573,3660,5.3528720665327523
"Danvers Street, West Chelsea",1525.1373704724783,10519,5.3534865019297539
"Mallory Street, Marylebone",1260.5503292568212,4252,5.3677445991871116
"London Zoo Car Park, The Regent's Park",1763.6761992619925,8672,5.3769592242559865
"London Zoo Car Park, Regent's Park",1531.4029468289557,3122,5.3769592242559865
"Fisherman's Walk West, Canary Wharf",1611.1416549789624,10695,5.3771985459376745
"Fishermans Walk West, Canary Wharf",1205.6865318981361,3809,5.3771985459376745
"Bradmead, Nine Elms",1670.2566964285711,1792,5.3938089851761957
"Bradmead, Battersea Park",1689.2143549951513,3093,5.3938089851761957
"Surrey Lane, Battersea",1253.7474693660097,9385,5.4074742336395047
"Heron Quays DLR, Canary Wharf",1750.4251144538898,4587,5.4350717351269688
"Arlington Road, Camden Town",1734.62728551336,10665,5.4351620077685121
"Kensington Gore, Knightsbridge",1712.7466002681476,10442,5.4469260891074329
"The Vale, West Chelsea",1513.3473650125493,12353,5.44772089671831
"The Vale, Chelsea",1168.5629188384216,4029,5.44772089671831
"Hawley Crescent, Camden Town",2182.5296912114022,5052,5.45443811607832
"Sheepcote Lane, Battersea",1255.1121605667063,5929,5.4577285862275522
"Westbridge Road, Battersea",1430.3392193308537,17216,5.465202304305004
"Southern Grove, Bow",1037.0968790637194,6152,5.4722190443269607
"The Green Bridge, Mile End",2422.1512644213958,8581,5.4781666460677858
"Queen's Gate (Central), South Kensington",1238.0849858356944,10590,5.491375187110596
"Queen's Gate (South), South Kensington",1453.5473539728525,13114,5.4936404017846536
"Natural History Museum, South Kensington",1461.2125739900007,17401,5.4959544694382254
"Imperial College, Knightsbridge",1207.5892298058857,19164,5.5174516821624389
"Lightermans Road, Millwall",1998.2007613704693,4991,5.5278651184480845
"Queen's Gate, Kensington Gardens",2314.2841534035024,27457,5.5307388080308151
"Jubilee Plaza, Canary Wharf",2350.8432445290209,16816,5.5469449212941013
"Ackroyd Drive, Bow",1564.1958041958035,3575,5.5524257834668784
"Queen's Gate (North), Kensington",1362.5824345146389,9735,5.5557916856661889
"Stainsby Road , Poplar",1300.925686889175,5423,5.5611903398699232
"London Zoo,  The Regent's Park",1977.2560975609754,7544,5.5719295428233782
"London Zoo, Regents Park",1911.1668757841906,2391,5.5719295428233782
"Sugden Road, Clapham",1641.7164179104466,4824,5.5725134225343327
"Sugden Road, Battersea",1450.5405405405404,1554,5.5725134225343327
"Penfold Street, Marylebone",1143.6837209302319,5375,5.5756072562847176
"South Wharf Road, Paddington",1216.2092598984273,20281,5.5895798033137574
"Millharbour, Millwall",1529.4874100719428,2224,5.5990311075874351
"Napier Avenue, Millwall",1422.2276210054195,5351,5.5990761678653875
"Orbel Street, Battersea",1108.46547314578,6256,5.6258783447428353
"Paddington Green, Paddington",2077.0446354311039,3607,5.6299396375336217
"Castlehaven Road, Camden Town",2451.881739130436,17250,5.6407557908668418
"Lancaster Gate , Bayswater",1651.3480830012372,14554,5.6641877910988141
"Drayton Gardens, Chelsea",1124.7129783693845,4808,5.6761961667356795
"Drayton Gardens, West Chelsea",1210.901262916188,13936,5.6761961667356795
"North Wharf Road, Paddington",1343.3720297478681,11026,5.6942410462640449
"Upper Bank Street, Canary Wharf",1715.923650724003,9116,5.7086244653924929
"Old Brompton Road, South Kensington",1186.2713567839185,14925,5.7100986367740978
"Lindfield Street, Poplar",1180.4148278905554,6798,5.7130914841712936
"Spindrift Avenue, Millwall",2403.2120403886433,5249,5.7136290316906369
"Devonshire Terrace, Bayswater",1417.5374497625135,16422,5.7207658622711177
"Battersea Church Road, Battersea",1285.0733615911317,9201,5.74969170872115
"Gloucester Road Station, South Kensington",1191.3806722689076,23800,5.75929880477096
"Driffield Road, Old Ford",1933.9954725523489,10602,5.76121686498696
"Eastbourne Mews, Paddington",1256.4490543014037,13112,5.7730259568743589
"St. John's Wood Church, Regent's Park",1667.787610619469,2034,5.7749553215068063
"St. John's Wood Church, The Regent's Park",2003.1845493562234,6990,5.7749553215068063
"Gloucester Road (Central), South Kensington",1461.7339805825245,10300,5.7789380916332522
"Lisson Grove, St. John's Wood",1573.23392882262,7109,5.7970128186923988
"South Quay East, Canary Wharf",2165.9459459459458,777,5.8011245964458205
"Prince Albert Road, The Regent's Park",1673.6979641446371,9873,5.8016454864505151
"Prince Albert Road, Regent's Park",1494.3376623376614,3465,5.8016454864505151
"Gloucester Road (North), Kensington",1350.3803352584871,14198,5.8078045532245461
"Frampton Street, Paddington",1796.2952201075127,6883,5.8107708704961416
"Montgomery Square, Canary Wharf",2018.7456864216065,6665,5.8178193148486841
"Coborn Street, Mile End",705.88235294117635,340,5.8179388705007442
"Limerston Street, West Chelsea",1426.3184616360977,15757,5.8449207155809919
"Limerston Street, Chelsea",1049.2128279883382,5488,5.8449207155809919
"Palace Gate, Kensington Gardens",2714.496702450293,41546,5.8465133159066411
"Furze Green, Bow",1565.3576544742637,10471,5.8497383689568228
"Cantrell Road, Bow",1949.3189964157712,2511,5.862672021169181
"Simpson Street, Clapham Junction",1535.5030049647244,7654,5.8716507158888751
"Simpson Street, Battersea",1994.2978723404246,2585,5.8716507158888751
"Ford Road, Old Ford",1377.7852968317447,6502,5.8744733401801046
"Dorothy Road, Clapham Junction",1432.7614879649889,6855,5.8804072947155452
"De Vere Gardens, Kensington",1553.5695094039206,10049,5.8854657146348845
"Lord's, St. John's Wood",1589.9374348279462,3836,5.8949234954002723
"World's End Place, West Chelsea",1604.8708191468047,9986,5.9145597520343243
"Lots Road, West Chelsea",1689.958115183246,7640,5.924951325256413
"Emperor's Gate, South Kensington",1057.7316657191579,10554,5.9270512714263379
"Clapham Common North side, Clapham Common",2787.164469118668,7205,5.9457835141267514
"Clapham Common Northside, Clapham Common",2380.0409416581369,1954,5.9457835141267514
"Aberdeen Place, St. John's Wood",1547.1948929778441,7989,5.956215615336709
"East Ferry Road, Cubitt Town",2322.0374898125506,3681,5.95684029223841
"Greenberry Street, St.John's Wood",1369.1556899157845,4631,5.9710711436986559
"Bow Road Station, Bow",1559.6148074037014,11994,5.9813291667243949
"Malmesbury Road, Bow",1567.8144853875469,1574,5.9844459772034577
"St. John's Wood Road, St. John's Wood",1130.9370629370644,10010,5.9915932854147416
"Mudchute DLR, Cubitt Town",2943.8667900092514,3243,6.0040881709088225
"Cleveland Gardens, Bayswater",1537.2258140355007,8507,6.0086157063150312
"Gunmakers Lane, Old Ford",2158.038348082594,8136,6.0457367423143911
"Gun Makers Lane, Old Ford",2350.0032948929152,3035,6.0457367423143911
"Chrisp Street Market, Poplar",2424.8508213208179,5966,6.0514589468446749
"Charlbert Street, St. John's Wood",1774.85264158631,7363,6.0608939947250979
"Collingham Gardens, Earl's Court",1130.5285264263216,8571,6.0776372569711778
"Vicarage Crescent, Battersea",1254.5158499174065,12713,6.0814008952399394
"Falcon Road, Clapham Junction",1340.9282847670565,17193,6.09432119170414
"Bishop's Bridge Road East, Bayswater",1454.2411149825791,7175,6.1013680341042358
"Orsett Terrace, Bayswater",1116.8218203379781,3373,6.1273083625834621
"Newby Place, Poplar",1836.1456752655536,3295,6.1424050954902105
"Whiteley's, Bayswater",2006.3356466876962,15850,6.1570281405337326
"Mostyn Grove, Bow",1741.1857086768741,7641,6.1733454522234785
"Ingrave Street, Clapham Junction",1804.907865168539,2225,6.1770567385674928
"Ingrave Street, Battersea",1530.6141732283463,635,6.1770567385674928
"Black Lion Gate, Kensington Gardens",4788.7479080665,71704,6.1788837815729822
"Thorndike Close, West Chelsea",1853.5750853242321,9376,6.1819468573950482
"Fawcett Close, Clapham Junction",1363.2596685082869,1810,6.1935752447098071
"Fawcett Close, Battersea",1489.7312588401699,707,6.1935752447098071
"Limburg Road, Clapham Common",1574.420600858369,466,6.1946387134535
"Limburg Road, Clapham Junction",3323.8767123287671,1460,6.1946387134535
"Harcourt Terrace, West Brompton",1268.5020242914986,9880,6.19735947306973
"Hewison Street, Old Ford",1447.2784117555107,6397,6.1976518071656077
"Clifton Road, Maida Vale",1878.0552202776112,13256,6.1987637776148086
"Upcerne Road, West Chelsea",1158.7127014976559,8747,6.2023407887685238
"Wellington Road, St. John's Wood",1405.9858044164039,7608,6.2198858914268627
"Langdon Park, Poplar",2008.5682819383273,2724,6.2310791036975548
"Hortensia Road, West Brompton",1201.4419852448032,8946,6.2423368791525107
"Castalia Square, Cubitt Town",1636.8076616121309,1253,6.2755085841748395
"St. John's Park, Cubitt Town",1787.9166666666667,1440,6.276687289750587
"St John's Park, Cubitt Town",1499.4654788418707,449,6.276687289750587
"Bishop's Bridge Road West, Bayswater",1503.7846545146251,11795,6.2815450741162024
"Preston's Road, Cubitt Town",1859.2064044552721,2873,6.2891010749530976
"Knaresborough Place, Earl's Court",1254.6578584105705,10142,6.3119016131445447
"St. John's Road, Clapham Junction",2173.2056005895361,8142,6.3128606143229637
"Grove End Road, St. John's Wood",1539.783926218709,11385,6.3259755724294164
"Derry Street, Kensington",1220.6491499227207,23292,6.332802669097612
"Kensington Church Street, Kensington",1350.8196068673806,20095,6.3429317718939231
"Lancaster Drive, Blackwall",1545.8435681965095,3094,6.3480753690768168
"Bramham Gardens, Earl's Court",1441.7764865867236,16178,6.3526400164686514
"Warwick Avenue Station, Maida Vale",1950.8195747713526,16838,6.3565914734554294
"Lexham Gardens, Kensington",1055.9228906686531,10738,6.3805675707485205
"Grant Road East, Clapham Junction",1266.3652726310227,9445,6.3884125346552691
"Stebondale Street, Cubitt Town",2801.494600431964,2315,6.4015059393847347
"Abyssinia Close, Clapham Junction",3051.3841075218129,4241,6.4032251893878556
"Marloes Road, Kensington",1558.4576393917448,5524,6.4084620464425024
Imperial Wharf Station,1515.623572407492,4378,6.4105143903282453
"Gloucester Terrace, Bayswater",1411.8752089136492,8975,6.4143780893489071
"Vicarage Gate, Kensington",1414.0400586223745,6141,6.4267552189305928
"Bow Church Station, Bow",2019.8501131221728,7072,6.4388940780713666
"Wright's Lane, Kensington",1322.3085638749876,21182,6.44237079298581
"Jubilee Crescent, Cubitt Town",1220.1727968402861,4051,6.4426385143858411
"Ilchester Gardens, Bayswater",1515.9284147980466,14137,6.4456219523387253
"Saunders Ness Road, Cubitt Town",3107.1595119746949,11065,6.460407644448126
"Teviot Street, Poplar",2366.5868263473062,1503,6.4614706042713532
"Penywern Road, Earl's Court",1403.2068250677726,12542,6.4623975675556231
"Westbourne Grove, Bayswater",1732.3254525304765,10828,6.4797820867276155
"Wendon Street, Old Ford",1816.3464991023338,6684,6.4877572711781824
"Princes Square, Bayswater",1615.2105059868682,7767,6.4979291774490635
"Naval Row, Blackwall",3050.9480314960629,3175,6.5145690660744071
"Kensington Town Hall, Kensington",1309.216362740267,6087,6.5373767412714336
"Palace Gardens Terrace, Notting Hill",1238.089865529683,15245,6.5599555602903026
"Nevern Place, Earl's Court",1729.9196916158028,9339,6.6013072415844771
"Argyll Road, Kensington",2084.9663072776275,8904,6.6076355782415623
"Imperial Road, Sands End",1509.1997792494485,10872,6.6452732163520061
"Hereford Road, Bayswater",1154.6228983186541,12490,6.6480563276170237
"Lodge Road, St. John's Wood",1299.6573705179289,2510,6.6630685625178856
"Michael Road, Walham Green",1590.5440178300073,9871,6.6735746957166659
"Plough Terrace, Clapham Junction",1667.8709099058722,4462,6.6959809701008295
"Aberfeldy Street, Poplar",2367.5811518324608,955,6.7009024302892675
"Trebovir Road, Earl's Court",1386.5432377511856,8858,6.7348647542753932
"Abingdon Villas, Kensington",948.84988797610174,8034,6.7378532942386062
"Notting Hill Gate Station, Notting Hill",1383.2692101020953,27915,6.7542579240448513
"Phillimore Gardens, Kensington",1486.0469513155804,12694,6.7543157346663243
"Hibbert Street, Clapham Junction",1590.5109489051097,5343,6.7813943701375115
"Hibbert Street, Battersea",1624.2239467849224,1804,6.7813943701375115
"Cadogan Close, Victoria Park",2630.9207797594363,14466,6.7900878814825365
"William Morris Way, Sands End",1510.2141753146402,9058,6.7904299405522188
"Bromley High Street, Bow",2787.07627118644,2832,6.8047499284176629
"Bromley High Street, Bromley",1751.9390862944163,985,6.8047499284176629
"West Cromwell Road, Earl's Court",1186.63856098932,10674,6.8396104234909743
"East India DLR, Blackwall",2350.6981740064439,5586,6.8454232421236609
"Pembridge Villas, Notting Hill",1828.5080336648832,9149,6.8615209899048812
"Fulham Broadway, Walham Green",1493.038502801289,25167,6.887718993850501
"Campden Hill Road, Notting Hill",1143.5622096024783,5811,6.8916240598777794
"Eel Brook Common, Walham Green",1515.3423534235342,7317,6.9755691624307889
"Holland Park, Kensington",1728.6349379517239,7333,6.978007563032655
"Spencer Park, Wandsworth Common",2560.8579088471834,2611,6.9786379315119671
"Usk Road, Battersea",1652.8477905073637,1222,6.98751331921505
"Usk Road, Clapham Junction",1445.0289418846953,4319,6.98751331921505
"Sandilands Road, Walham Green",1612.8689883913755,9045,7.0010937582133783
"Erin Close, Walham Green",1762.3003477711038,15815,7.0134085508879043
"Nantes Close, Clapham Junction",1497.4095071958134,2293,7.0157638079183986
"Nantes Close, Wandsworth",1992.8821470245034,857,7.0157638079183986
Monier Road,1576.3636363636365,11,7.0352405459852694
"Monier Road, Newham",1089.6,25,7.0352405459852694
"Ilchester Place, Kensington",1512.526616463256,3851,7.1134739915059146
"Chepstow Villas, Notting Hill",2102.65265446639,11038,7.1571465599385657
"Turquoise Island, Notting Hill",1524.1606292693027,14493,7.1581223035421839
"Stephendale Road, Sands End",1484.6774507893174,15393,7.1850516531259787
"Spanish Road, Wandsworth",1359.0090090090091,666,7.2064084325836939
"Spanish Road, Clapham Junction",1593.8214643931794,1994,7.2064084325836939
"Westbourne Park Road, Portobello",1808.6717214265664,10683,7.2672165326694573
"Coomer Place, West Kensington",1392.575121705557,11914,7.2968386862748149
"Warwick Road, Olympia",1595.0150214592265,9320,7.2972697861648141
"Lansdowne Walk, Notting Hill",2544.5949214026596,827,7.3223579930343163
"Lansdowne Walk, Ladbroke Grove",1810.0441826215026,2037,7.3223579930343163
"Irene Road, Parsons Green",1678.2697130119825,7178,7.3232119314114117
"All Saints Church, Portobello",1870.6956521739125,16100,7.3295822025392408
"Abbotsbury Road, Holland Park",1730.017254128667,4057,7.3382759116946845
"Lansdowne Road, Ladbroke Grove",1331.7788944723634,11940,7.3518720904234485
"West Kensington Station, West Kensington",1375.0046061722687,8684,7.4100369918931914
"Star Road, West Kensington",1496.8518757251509,7757,7.4252240928425239
"South Park, Sands End",940.74168797953848,9384,7.4386154418429538
"Ladbroke Grove Central, Ladbroke Grove",1549.8826291079818,2556,7.4440488737780113
"Ladbroke Grove Central, Notting Hill",1156.2723214285718,896,7.4440488737780113
"Wandsworth Town Station, Wandsworth",1697.524916943519,10836,7.4560347723832852
"Normand Park, West Kensington",1337.5091285897568,10133,7.4614013509434542
"Normand Park, Fulham",1349.4227405247814,3430,7.4614013509434542
"Peterborough Road, Sands End",2444.1936305732479,3925,7.5028688261684637
"Alma Road, Wandsworth",1838.730587440918,4443,7.5041545331127582
"Parson's Green , Parson's Green",1631.754841285687,15027,7.5413402663540179
"Princedale Road , Holland Park",1808.2568072610779,7492,7.54330682516239
"All Saints' Road, Portobello",1768.3745693704993,9579,7.5532121830419872
"Kensington Olympia Station, Olympia",1221.5519765739382,6147,7.582166914951193
"Parsons Green Station, Parsons Green",1455.3201908588644,15928,7.5841536720863179
"Gwendwr Road, West Kensington",1328.1111458008113,6406,7.6197828993010122
"Vereker Road, West Kensington",1196.4099173553718,3025,7.6600609262093808
"Vereker Road North, West Kensington",1399.5042832667052,8755,7.6600609262093808
"Morie Street, Wandsworth",2033.095541401274,2355,7.6702566106704806
"Smugglers Way, Wandsworth",2000.889054912215,5354,7.6857774016011238
"Addison Road, Holland Park",1431.7134225291322,4634,7.6932272208841308
"Blenheim Crescent, Ladbroke Grove",1792.9630524027996,12423,7.6992350172365027
"Russell Gardens, Olympia",1170.6730229949524,3566,7.7053558931372077
"Russell Gardens, Holland Park",980.87491455912493,1463,7.7053558931372077
"Broomhouse Lane, Parsons Green",1439.1452397498267,2878,7.7106892191305816
"Walmer Road, Avondale",1198.5718194254443,3655,7.7888193864355
"Walmer Road, Notting Hill",988.94514767932492,1422,7.7888193864355
"Chesilton Road, Fulham",1858.1425329096687,11015,7.8129606339185758
"Clarendon Road, Avondale",1575.134246575343,5475,7.8623072473280793
"St. Peter's Terrace, Fulham",1089.572903903379,11426,7.8677567089774438
"Aintree Street, Fulham",1372.8907392820961,8887,7.9010580283322183
"Ram Street, Wandsworth",2161.4225309574149,6622,7.9398603975469895
"Humbolt Road, Fulham",1119.2529200878905,8647,7.9661504819752844
"Hurlingham Park, Parsons Green",1524.0420560747673,3424,7.9705620027426782
"Sirdar Road, Avondale",954.99029126213577,2575,8.0239209829244569
"Hansard Mews, Holland Park",1874.8586324443559,4987,8.0271020694168911
"Hansard Mews, Shepherds Bush",1449.9262381454159,1898,8.0271020694168911
"Fulham Park Road, Fulham",1701.0093652445369,9610,8.0272082493382673
"Brook Green South, Brook Green",1198.1802741720244,8243,8.041160341466485
"Barons Court Station, West Kensington",1127.0947658003317,13813,8.0411606170358922
"Queensdale Road, Shepherd's Bush",1780.6557377049187,1647,8.0695802491347752
"Grenfell Road, Avondale",1436.0054794520547,3650,8.0713096908629254
"Greyhound Road, Hammersmith",1182.2604520904183,9998,8.0721865952274836
"Rifle Place, Avondale",1569.9241274658575,3954,8.0951204178106284
"St. Mark's Road, North Kensington",1813.8984422415551,9886,8.1010486677786417
"Osiers Road, Wandsworth",1631.3452065176207,7917,8.1164445234472264
"Colet Gardens, Hammersmith",1327.3992094861662,1265,8.125089481384224
"Elysium Place, Fulham",1521.8535564853555,4780,8.1303511027678752
"Richmond Way, Shepherd's Bush",1574.6079273530509,8149,8.1345234923083254
"Woodstock Grove, Shepherd's Bush",1374.4349503858862,14512,8.13853801212786
"Northfields, Wandsworth",1632.0989399293285,4245,8.21287988943845
"Westfield Southern Terrace ,Shepherd's Bush",1621.908368042408,7923,8.220279220957968
"Ranelagh Gardens, Fulham",1778.8268365817087,5336,8.2278921801834457
"Everington Street, Fulham",1367.3663522012587,7632,8.2621334486628655
"Evesham Street, Avondale",2166.1083743842355,3045,8.2792832943602921
"Charing Cross Hospital, Hammersmith",1261.1085248763459,6874,8.2903267685310364
"Neville Gill Close, Wandsworth",3605.1402577710396,5276,8.2933688607951623
"Hammersmith Road, Hammersmith",1369.5767888307148,13752,8.3304091291873039
"Putney Bridge Station, Fulham",1815.3425727113031,10246,8.3866856244368311
"Freston Road, Avondale",1448.9791183294658,2586,8.3947847048900428
"Finlay Street, Fulham",1560.6281568555432,10889,8.4259805050806342
"Blythe Road West, Shepherd's Bush",2035.1128951329661,5979,8.4305850039502523
"Santos Road, Wandsworth",1672.8353948620359,2102,8.45781255787386
"Shepherd's Bush Road North, Shepherd's Bush",2211.1811910460369,7103,8.4669262469356443
"Crabtree Lane, Fulham",1337.3541138093522,8277,8.4776021664771246
"Putney Bridge Road, East Putney",2250.1892744479464,3804,8.4842256850550868
"Bishop's Avenue, Fulham",1895.0671180109712,8567,8.4922513006271014
"Beryl Road, Hammersmith",1595.8246058234561,8689,8.5794948981179981
"Little Brook Green, Brook Green",1471.9951189749843,4917,8.582547436804294
"Mexfield Road, East Putney",1733.4802431610951,2632,8.58710861854836
"Westfield Ariel Way, White City",2397.2150259067353,4632,8.6497692835768856
"Manbre Road, Hammersmith",1402.2258986313716,6649,8.7037014093664986
"Rainville Road, Hammersmith",1306.0119940029979,10672,8.7633772675957946
"Esmond Street, Putney",1743.8569206842924,1929,8.7832828713466728
"BBC White City, White City",1693.0302149912834,6884,8.859138680772741
"Crisp Road, Hammersmith",2059.4565217391309,11040,8.86407914302677
"Putney Pier, Wandsworth",1522.8432956381259,3714,8.8713493000419081
"Southerton Road, Hammersmith",2121.8427835051534,6208,8.8948390111348665
"Felsham Road, Putney",2805.3152329983041,7661,8.91251411780424
"Oxford Road, Putney",3084.4923724355594,1901,8.9340677085563165
"Upper Richmond Road, Putney",2810.5954088952653,2788,8.96548971466854
"Upper Richmond Road, East Putney",2747.3006134969328,978,8.96548971466854
"Bridge Avenue, Hammersmith",2269.0985189954895,9318,8.9815449106151011
"Montserrat Road , Putney",2648.1830790568661,4326,8.98674047015926
"Disraeli Road, Putney",1777.2190977623547,8357,9.1056431417742925
"Putney Rail Station, Putney",3715.8986446670592,3394,9.1758607321613539
"Ravenscourt Park Station, Hammersmith",2389.594063727629,6873,9.4896552779751921
